,mua_gia_1ACB,mua_gia_1BCM,mua_gia_1BID,mua_gia_1BVH,mua_gia_1CTG,mua_gia_1FPT,mua_gia_1GAS,mua_gia_1GVR,mua_gia_1HDB,mua_gia_1HPG,mua_gia_1MBB,mua_gia_1MSN,mua_gia_1MWG,mua_gia_1NVL,mua_gia_1PDR,mua_gia_1PLX,mua_gia_1POW,mua_gia_1SAB,mua_gia_1SSI,mua_gia_1STB,mua_gia_1TCB,mua_gia_1TPB,mua_gia_1VCB,mua_gia_1VHM,mua_gia_1VIB,mua_gia_1VIC,mua_gia_1VJC,mua_gia_1VNM,mua_gia_1VPB,mua_gia_1VRE,ban_gia_1ACB,ban_gia_1BCM,ban_gia_1BID,ban_gia_1BVH,ban_gia_1CTG,ban_gia_1FPT,ban_gia_1GAS,ban_gia_1GVR,ban_gia_1HDB,ban_gia_1HPG,ban_gia_1MBB,ban_gia_1MSN,ban_gia_1MWG,ban_gia_1NVL,ban_gia_1PDR,ban_gia_1PLX,ban_gia_1POW,ban_gia_1SAB,ban_gia_1SSI,ban_gia_1STB,ban_gia_1TCB,ban_gia_1TPB,ban_gia_1VCB,ban_gia_1VHM,ban_gia_1VIB,ban_gia_1VIC,ban_gia_1VJC,ban_gia_1VNM,ban_gia_1VPB,ban_gia_1VRE,Gia KL,mua_kl_1ACB,mua_kl_1BCM,mua_kl_1BID,mua_kl_1BVH,mua_kl_1CTG,mua_kl_1FPT,mua_kl_1GAS,mua_kl_1GVR,mua_kl_1HDB,mua_kl_1HPG,mua_kl_1MBB,mua_kl_1MSN,mua_kl_1MWG,mua_kl_1NVL,mua_kl_1PDR,mua_kl_1PLX,mua_kl_1POW,mua_kl_1SAB,mua_kl_1SSI,mua_kl_1STB,mua_kl_1TCB,mua_kl_1TPB,mua_kl_1VCB,mua_kl_1VHM,mua_kl_1VIB,mua_kl_1VIC,mua_kl_1VJC,mua_kl_1VNM,mua_kl_1VPB,mua_kl_1VRE,ban_kl_1ACB,ban_kl_1BCM,ban_kl_1BID,ban_kl_1BVH,ban_kl_1CTG,ban_kl_1FPT,ban_kl_1GAS,ban_kl_1GVR,ban_kl_1HDB,ban_kl_1HPG,ban_kl_1MBB,ban_kl_1MSN,ban_kl_1MWG,ban_kl_1NVL,ban_kl_1PDR,ban_kl_1PLX,ban_kl_1POW,ban_kl_1SAB,ban_kl_1SSI,ban_kl_1STB,ban_kl_1TCB,ban_kl_1TPB,ban_kl_1VCB,ban_kl_1VHM,ban_kl_1VIB,ban_kl_1VIC,ban_kl_1VJC,ban_kl_1VNM,ban_kl_1VPB,ban_kl_1VRE,mua_kl_2ACB,mua_kl_2BCM,mua_kl_2BID,mua_kl_2BVH,mua_kl_2CTG,mua_kl_2FPT,mua_kl_2GAS,mua_kl_2GVR,mua_kl_2HDB,mua_kl_2HPG,mua_kl_2MBB,mua_kl_2MSN,mua_kl_2MWG,mua_kl_2NVL,mua_kl_2PDR,mua_kl_2PLX,mua_kl_2POW,mua_kl_2SAB,mua_kl_2SSI,mua_kl_2STB,mua_kl_2TCB,mua_kl_2TPB,mua_kl_2VCB,mua_kl_2VHM,mua_kl_2VIB,mua_kl_2VIC,mua_kl_2VJC,mua_kl_2VNM,mua_kl_2VPB,mua_kl_2VRE,ban_kl_2ACB,ban_kl_2BCM,ban_kl_2BID,ban_kl_2BVH,ban_kl_2CTG,ban_kl_2FPT,ban_kl_2GAS,ban_kl_2GVR,ban_kl_2HDB,ban_kl_2HPG,ban_kl_2MBB,ban_kl_2MSN,ban_kl_2MWG,ban_kl_2NVL,ban_kl_2PDR,ban_kl_2PLX,ban_kl_2POW,ban_kl_2SAB,ban_kl_2SSI,ban_kl_2STB,ban_kl_2TCB,ban_kl_2TPB,ban_kl_2VCB,ban_kl_2VHM,ban_kl_2VIB,ban_kl_2VIC,ban_kl_2VJC,ban_kl_2VNM,ban_kl_2VPB,ban_kl_2VRE
0,24.05,81.1,45.6,49.45,28.55,78.2,103.3,14.55,17.85,20.35,17.4,80.7,38.4,11.25,11.8,35.8,13.1,189.4,19.85,24.6,26.4,22.2,88.1,43.8,20.95,52.0,105.0,74.4,19.45,28.6,24.1,81.4,45.7,49.5,28.6,78.35,103.5,14.6,17.9,20.4,17.45,80.9,38.45,11.300000000000002,11.85,35.85,13.15,189.9,19.9,24.65,26.45,22.25,88.2,43.85,21.0,52.1,105.4,74.5,19.5,28.65,1029.2571428571428,5810.0,71.46214940838274,210.0,194.55432539682533,738.503164862464,780.0,250.0,1760.0,2025.2371847674594,16752.5,9530.0,315.44435297959717,1838.093300737111,17740.0,3395.85109972569,373.3333333333333,13595.0,50.0,12687.5,9892.547722488333,3646.1166058395265,2635.0,448.61627313828365,1085.0,4329.454947387305,1006.3524859827738,140.0,1840.2472603196497,18305.217022185232,824.8856771729571,1887.2131159510668,90.81289707025002,252.69251237432164,191.09048618048627,488.88168439158704,471.05826341251384,82.83917833800186,1050.256495882562,1014.3533159057765,9450.0,8427.5,320.0,632.6576749995083,10670.886752605571,2656.0064264323814,250.0,13900.0,130.73333333333335,7945.0,6072.971452751475,1606.285790689529,1540.0,357.4305555555556,940.0,3758.356901948085,540.0,82.4575,884.6603189603546,6489.540428224283,390.39785157094366,55290.0,170.0,419.98197854031866,205.80672092696878,1463.4406568004238,2370.0,228.9418380994995,3460.0,5680.6526617524805,28422.0,23750.0,361.71575959837764,2310.0,47960.0,9530.0,829.2611172524112,32110.0,65.0,22043.333333333332,20210.0,9314.289506618063,4942.160426265475,470.0,1426.5688095238095,10980.0,1930.0,89.53345238095237,3402.8486965188413,23460.0,1090.3468435826057,1851.3541951016484,109.81928571428568,345.0,311.5169991070416,722.5872307334758,461.95831440281495,102.35543650793652,2050.0,1117.0318549237634,15160.0,13032.289337276863,309.5293147120135,706.724701572374,12530.0,3580.0,386.9241898092148,20390.0,169.89401515151516,11263.333333333334,8058.477717337564,2080.0,3160.0,450.0,1395.5398412698414,4457.968812903505,791.6445299093291,120.0,1099.8523615360573,10700.0,504.7895555703224
1,24.05,80.6,45.1,48.9,28.2,77.7,103.0,14.35,17.7,20.05,17.25,80.3,38.05,10.95,11.5,35.45,12.9,186.5,19.5,24.4,26.3,21.65,86.1,43.8,20.55,51.9,103.3,74.3,19.7,28.375,24.1,80.9,45.2,49.025,28.25,77.9,103.4,14.4,17.8,20.1,17.3,80.5,38.15,11.0,11.55,35.5,12.95,187.9,19.55,24.45,26.35,21.7,86.2,43.85,20.6,52.0,103.6,74.4,19.75,28.45,1023.5600000000001,1590.0,132.59590298590297,621.0574441910697,147.83156413031412,740.0,360.0,170.0,1351.8172854034935,847.293527599275,15400.0,7600.0,180.09501202589615,818.1457142857142,10918.57142857143,4499.645912916127,490.0,6883.333333333333,59.44500000000002,14090.0,6567.073377875573,1980.0,1875.1697930826188,254.95523213714395,410.0,2020.6539642318999,539.2692269517687,64.95321428571428,2395.0,14850.0,665.0,1785.8949879848117,87.79987498612499,570.0,205.80379620343516,935.1398366311097,400.0,96.49303306514605,2112.134220616126,938.9859931723752,9500.0,11516.666666666666,309.6483333333333,671.4924225034051,13965.0,6740.744185491566,235.67884716146702,6231.701194569315,86.31507076257076,14328.0,7810.0,1257.3899985157304,1613.519403040985,550.0,369.5053571428571,2850.5740215331293,575.8276049165729,100.0,1209.7541970605573,16877.07503252664,655.1174009268816,4089.365883039891,287.6111111111111,651.8225406888367,302.60813852813857,920.0,780.576400571454,300.0,2520.4030459578016,1430.0,55964.0,23050.0,187.66615462152228,945.3083263575501,25610.0,12560.0,740.0,23140.0,68.82511904761905,24540.0,12140.0,3630.024990886122,7867.563561073135,585.1053269234546,437.9618493954453,5260.0,1920.0,77.27333333333334,3136.1706175440318,27496.666666666668,1120.0,1159.3722198357673,99.43720370315954,649.1201653781394,316.568247030747,1505.2327746119254,418.33906024127236,204.96237100310506,3332.131516292559,1067.7624573035032,18237.5,12737.299915867265,322.32986387881124,995.9080121482667,17100.0,11790.0,280.0,21450.0,240.0,20512.31446675801,10580.0,1982.5787922780414,2496.776963324031,622.5656751207189,581.4497640650466,5435.6825884916525,868.3066004951156,129.03188216668096,1720.0,27556.031335959346,529.9421403843091
2,24.2,80.9,45.9,48.85,28.5,78.0,102.9,14.5,17.6,20.4,17.45,78.6,38.1,11.1,11.85,34.65,13.15,184.7,20.1,24.95,26.4,21.85,87.5,47.35,20.75,52.4,103.1,74.5,20.95,29.4,24.25,81.0,46.0,48.9,28.55,78.2,103.0,14.55,17.7,20.45,17.5,78.7,38.15,11.15,11.9,34.7,13.2,185.2,20.15,25.0,26.45,21.9,87.7,47.4,20.8,52.5,103.4,74.6,21.0,29.45,1036.15,2223.340668185757,130.68493055555555,295.5541812354312,247.50962360568715,825.0,355.2696306693086,137.69705957527165,3335.0,4148.851834079864,27750.49183922678,15585.081864369346,582.2985164731978,1027.9870958305517,9413.741512209324,11271.402927277799,1670.1444561387239,7655.0,63.08142629257568,10717.73213106496,7727.4636580278675,2992.625409046329,2957.5720452842593,486.35536134433573,912.5,2950.0,890.0,182.4,1400.1060934906916,17593.85871530933,2480.118583401174,1620.0,113.45964285714287,351.3863152533743,193.76641468009115,560.8282142857144,330.0,124.28535714285718,1922.4241496464776,3813.2298241076005,12810.0,16320.0,470.10773487841215,1023.0184582760044,16768.333333333336,13413.851209559278,19422.5,11889.160737743927,102.93714285714285,10080.0,11138.75,6040.366412130254,1799.2962310778923,568.1235464570501,890.0,2173.833751266229,702.2916266151586,118.87069985569985,952.8529480341841,18388.333333333336,1450.0,8518.043061808474,326.58234438100175,520.0,419.2784454948043,2103.485968818056,1228.408870851371,440.6449064880261,4505.964829896614,10340.688762593369,30475.0,21174.983028384493,810.0,2530.0,19152.00521204284,24087.175150175757,3039.932460085289,15332.274941562959,97.26817865141393,17419.166666666664,14485.0,5348.654826680434,6425.778615786472,760.0,1170.0,5889.422222222222,1928.0335870010447,338.7043545068717,3651.6591822747114,61910.0,5075.445738355566,2840.0,54.31929608447744,301.92401515151516,527.9919977896647,1540.5773894602264,293.5769709431435,139.6410704789756,3995.4693565639323,2573.167275556797,30318.75,30661.9965655981,676.0725100170803,899.2240755404723,42426.1176460375,21280.0,10761.620415426145,21895.06622810958,125.88105699855701,26915.454545454544,19415.0,6406.343233940713,2607.49948284057,743.7323809523809,1175.1968875702041,3990.0,1208.3236401833396,102.6547107059607,1220.0,31900.333333333336,3830.0
3,24.05,80.6,45.55,48.65,28.300000000000004,77.8,102.3,14.35,17.55,20.2,17.35,78.7,37.7,11.0,11.8,35.0,13.05,185.5,19.95,24.7,26.05,21.95,89.1,47.55,20.55,52.3,104.2,74.5,20.95,29.15,24.1,81.2,45.65,48.7,28.4,77.9,102.5,14.4,17.6,20.25,17.4,78.8,37.75,11.05,11.85,35.1,13.1,186.0,20.0,24.75,26.1,22.0,89.4,47.6,20.6,52.4,104.8,74.6,21.0,29.25,1032.0,3230.0,75.35191006727189,256.61626731112034,254.03571295244595,820.0,270.7430542413075,187.6965967264497,1750.0,3489.2455886400708,9040.0,10550.0,790.8249382821979,1455.0,17730.0,9659.35853558988,751.8638167388167,9772.5,50.48629984051038,10465.0,11516.666666666666,3080.0,3831.3612478969426,355.9619504569505,755.3910956227198,3370.0,1097.3090985881252,147.38849705849702,925.8880640724783,28591.281688841875,1634.173623394306,1159.0217712140932,116.38567466224008,420.0,213.36743836505025,715.0990653056095,267.30027511139656,260.0,1431.4240367965372,1792.5375510648582,8566.311207817345,12044.264563953306,765.2333649182553,835.5336134580585,8670.0,5670.0,781.4885966278302,12098.268818197392,102.27860389610389,12627.5,7010.0,3130.0,1110.0,400.0,566.6666666666666,2728.2393251393696,828.1950988564108,104.91166666666665,1042.739521141868,13430.0,885.0268336481748,9810.0,273.21124296390747,499.5193345282038,464.90824631251087,1090.0,1381.4618887117667,370.0,4550.177680128205,7282.530538725588,27570.0,26631.834645319326,1744.8249949495532,2343.059171372492,42440.0,16763.073917058995,1360.0,24765.74853585039,62.231071428571425,14013.333333333334,16729.236336755668,8000.0,5370.0,511.7825046291601,1110.9193074816162,8590.0,2883.7904704449775,172.63428571428574,4150.0,53924.130626487524,2340.0,1155.51064582042,39.36016594516595,398.83619062637854,220.0,740.0,248.7269796280157,274.1108650749048,3030.0,2050.0,13668.15211320468,14694.852638107028,1571.3812837958258,1030.0,22790.0,10470.0,1050.0,20995.785872393324,90.0,22399.23076923077,13827.5,3800.400954899786,1990.0,446.0,816.9613190967185,4862.5177297778355,1187.1539320917414,185.32444444444445,1433.4501980815521,31202.0,700.0
4,24.6,81.35,45.85,48.54999999999999,28.649999999999995,78.4,102.8,14.85,18.0,20.4,17.8,77.96666666666667,37.85,11.2,11.9,36.35,13.15,187.8,20.45,25.3,26.5,22.05,89.9,48.6,20.9,52.7,105.8,75.1,21.0,29.35,24.65,81.9,45.9,48.6,28.7,78.5,103.0,14.9,18.05,20.45,17.85,78.08333333333333,37.9,11.25,11.95,36.4,13.2,188.0,20.5,25.35,26.55,22.1,90.0,48.65,20.95,52.8,105.90000000000002,75.2,21.025,29.4,1045.85,2490.0,96.07302255106437,441.3127958152959,240.0,1201.548581296577,579.7135050493025,203.56759654152924,3897.989778257205,2993.448963214504,22723.75,22332.666666666664,940.0,833.7557480657233,24505.5,6965.0,471.29598984065086,12522.72596083703,201.19279991150177,18473.333333333336,11050.833333333332,2371.7354921822543,7526.329580185884,332.7577897622227,670.186077867094,3770.0,1120.8333333333335,255.13881341160894,786.3638702978466,27885.0,2644.1984049306325,2949.3664454832756,98.52953520762645,340.0,205.249511117967,1039.838886279412,468.2320756835754,200.047976284781,4352.077145926669,2635.590634170861,25691.833333333336,27220.0,1305.0,1702.5,23615.0,7341.506949588524,641.1518752333878,17213.68670751022,188.25,20272.142857142855,14851.571428571428,6679.2831107103675,2099.6372296197387,312.64547619047624,582.5,4917.855431369297,1020.0,180.0,548.9523567105097,19225.465544859195,2075.0,2900.0,57.16297619047617,370.0,564.0823263183622,2250.0,780.7547219602877,375.10482432686,6565.0,4613.835714815952,30940.0,34651.66666666667,1155.0,2468.6517933099494,22432.428571428572,13630.0,954.803945782375,25059.47631820397,228.31666666666663,34130.0,29400.0,2175.6431178538373,6090.0,202.7652022445557,1058.6234816986691,8071.666666666667,1218.867685998812,152.03953935018785,1558.8805508127566,51562.51490055727,1710.0,6251.5461568295195,89.3125,691.1973735722624,355.1587870136399,1516.9235317460318,1354.904537110288,212.76096922944376,8523.046459974203,3732.5,52340.0,79982.44111089599,1690.0,2144.0560552029124,40951.739130434784,12628.646433434207,1401.2489719776931,25775.0,500.0,49198.33333333333,26426.666666666664,7501.652151737016,4711.574539515885,280.0,1046.7231017958452,9210.0,1750.0,258.9461198113264,757.689206296332,36905.0,5081.586501518556
5,24.5,81.1,45.7,48.45,28.55,78.9,102.4,14.85,18.0,20.599999999999998,17.75,76.4,38.15,12.449999999999998,12.5,36.0,13.25,185.8,21.05,25.3,26.5,21.95,88.6,48.75,21.0,53.3,105.1,74.4,21.25,29.05,24.55,81.3,45.75,48.5,28.649999999999995,79.0,102.5,14.9,18.05,20.65,17.8,76.5,38.2,12.471428571428572,12.55,36.1,13.300000000000002,186.0,21.099999999999998,25.35,26.55,22.0,88.8,48.8,21.05,53.5,105.8,74.5,21.3,29.1,1047.6,1157.1865153036813,210.0,510.0,337.1747070831575,976.2032890532697,1033.4024637681161,154.9608953241217,2832.668349257575,1678.368179144224,17693.333333333332,16090.0,1180.0,1334.553207779091,14325.0,9607.5,741.7815312465312,11496.666666666666,96.66666666666667,11330.0,14533.333333333334,1945.9530831167615,4704.400116692052,410.0,530.0,5517.929780147296,821.2100854587728,110.0,5820.0,17640.0,1134.6153746055666,2969.5273329577626,47.77072032542621,576.7560982089541,1900.5578943474382,1170.0,745.772406959821,320.0,3510.0,1147.0085359262523,28116.666666666668,13658.09829240123,1445.0,2540.6960540386212,22850.0,13050.0,590.8489054651058,8784.183552642486,438.8395072065277,10767.5,12040.0,1843.1501707734426,2960.0,443.3173334100538,694.2207142857142,5584.371313609104,1748.7447944051157,90.0,1835.40287501399,13970.140524904891,1004.2696336906648,5040.0,324.0363766131083,620.0,851.6108333333334,1266.8354493463728,1610.0,178.91294780598372,4994.166309483456,2254.0068396681036,28285.0,26660.0,2460.0,2670.0,24252.5,26398.889219685574,1180.503323037324,22094.982269515032,100.0,12400.0,32810.0,3040.0,12050.0,850.0,973.281529965869,16304.009907642963,1339.726767414053,107.31990740740741,3287.8061090445185,32530.0,1590.0,5690.0,50.0,936.8129054526682,670.8745665752679,1940.0,980.0,491.16650298869405,6097.538549727853,2947.4936965724714,60090.0,22020.757322084424,1960.0,3800.0,43980.0,20349.32341411086,850.0,27483.333333333332,137.70618966015707,20790.0,18550.0,3439.0769158529333,2660.0,493.48385483939893,922.4649059498317,9773.411954684518,1639.5023721614257,152.42465895215892,1500.0,27740.0,1140.823626311705
6,24.55,81.6,46.5,48.65,28.85,78.9,102.8,15.0,18.05,20.75,18.1,77.1,38.95,12.9,12.45,35.85,13.3,185.9,21.0,25.8,27.5,22.0,90.9,47.8,21.3,53.4,105.6,74.5,20.8,29.15,24.600000000000005,82.0,46.55,48.7,28.9,79.1,102.9,15.05,18.1,20.8,18.15,77.2,39.0,12.95,12.5,35.95,13.35,186.0,21.05,25.85,27.55,22.05,91.0,47.85,21.35,53.5,106.40000000000002,74.6,20.85,29.2,1056.2,2883.333333333333,73.2744794805638,505.95332131135774,284.2859115825564,2359.1049396003905,728.3591739749935,120.0,6010.0,2645.0412682741244,19118.75,17476.904761904763,725.0,1551.9792188430904,19761.5,6532.5,520.0,17529.61151826891,151.85569303402715,13317.5,10924.75,4732.525218328821,4358.908476230205,380.0,559.3699526081563,5017.4491071428565,1361.2313881806672,122.81781746031746,2608.193963977545,19083.230805765765,2273.333333333333,2790.4272270666074,73.29023128788623,478.16090396015477,247.6656229749222,4058.8408391398684,660.6233215016866,208.3521406546381,5097.185730827795,1175.7158021893767,23280.0,15040.0,905.0,2314.6011501126254,19018.333333333336,5566.666666666666,609.1093008290836,15012.46606172417,362.94444294738713,10495.555555555555,10475.0,4084.166666666667,2797.9560662553904,371.4199801587301,556.9223773911273,5632.5,1915.0,130.4318220558681,2741.25,12834.778084044452,2620.0,8400.0,152.12235018889524,645.1500883380353,460.8097274081331,2687.5491458096208,2185.469789565586,202.46026187065164,8680.0,5546.5444858379315,28740.0,28645.165622499902,1270.0,3309.520229327324,28132.916666666664,10445.62582559008,982.132407318317,26173.32676658171,89.41312010154414,18620.0,46217.5,9535.0,8060.0,568.7168216446922,1065.0,19100.0,1852.5,129.93485667762275,10758.75,38359.375,2969.1284744416826,5353.826149665301,116.0922412474848,1036.8590485487655,525.0,4621.3525961993355,1364.8158148267623,307.5422686506926,12365.919627335195,3380.0,39090.92759322655,32254.208511069148,1760.0,2796.3356785221886,31770.0,9366.235852753365,1320.104094554031,23550.0,192.1967851770135,20460.0,18150.0,9051.666666666668,6181.655297443771,605.0,905.9869215969215,14290.63742713213,2572.1734269043727,276.51507351346476,1079.7337744305064,26362.5,4865.467304314896
7,24.45,80.9,45.85,48.3,28.95,78.9,102.8,14.7,18.1,20.8,18.2,77.1,39.05,12.5,12.25,35.85,13.3,185.0,20.85,25.3,28.0,21.8,91.5,47.5,21.2,53.1,104.5,74.4,20.7,28.95,24.5,81.2,45.9,48.4,29.0,79.0,103.0,14.75,18.15,20.85,18.25,77.2,39.1,12.55,12.3,35.9,13.35,185.1,20.9,25.35,28.05,21.85,91.8,47.6,21.25,53.2,104.7,74.5,20.75,29.0,1051.3,4856.669568909831,131.99778765232014,496.6666666666667,282.19000427556506,1790.0,610.7701388716182,246.5253362289584,3440.0,1860.0,20380.0,12610.0,960.0,1202.6785440002543,14833.75,8032.04219369488,811.1468691209143,16460.0,88.05594155844157,10040.0,12710.0,6684.412032439777,3975.0,240.0,470.0,6827.83760449703,703.8452505781847,65.74009226884226,9420.0,25026.666666666668,1917.3872218847537,987.1687458492996,97.48718132694023,262.0283531746031,223.09979753858454,5385.0,403.45692794939873,362.96849238478154,1810.2919503314479,2641.6927882228456,17290.0,12163.333333333334,918.3550821750349,995.0,10615.0,6130.0,1203.799649731197,9020.354505302033,102.62130952380953,10195.0,8070.0,3760.0,2220.0,357.2711102815462,536.6322168068065,5000.0,520.0,105.0,2114.0,11131.214324543793,1590.0,7591.125257717566,368.8904382416321,845.5484640832865,749.1257321169933,3876.8378759321927,1080.0,328.9706127829335,5092.966395751598,3970.1239058330843,32160.0,26760.0,1497.4567368413982,2749.634055941532,30890.0,17560.0,1035.0,17567.425362313727,108.93390151515146,19370.0,24410.0,10560.352000602219,8432.568027543484,417.25,733.7794444444443,26007.353558448216,577.9992913154097,89.81547258297257,2320.0,53716.666666666664,2800.0,1938.7964516902118,76.2212481962482,451.099331966233,412.08666688059174,5948.088291026197,1217.5046038364528,269.1782961350339,2538.399075283419,4143.906768741758,36273.333333333336,29680.0,1350.0,1436.8660314396705,17200.0,11860.0,1404.79370386247,33171.19893255511,151.445,16890.0,16893.65408980226,7800.0,4664.141344922397,358.7658333333334,667.9378874898491,9770.0,1113.652177690748,83.62361111111109,1099.873286131158,24165.0,2170.0
8,24.6,81.5,46.5,48.4,29.05,79.0,102.9,14.85,18.75,20.9,18.35,79.2,38.85,12.800000000000002,12.35,36.8,13.300000000000002,184.8,21.35,25.65,28.1,22.0,92.85,49.55,21.5,54.0,105.4,75.1,20.8,30.1,24.65,82.0,46.55,48.45,29.1,79.1,103.0,14.9,18.8,20.95,18.4,79.3,38.9,12.85,12.4,36.9,13.35,185.4,21.4,25.7,28.15,22.05,93.0,49.6,21.55,54.1,106.0,75.2,20.85,30.15,1065.1333333333334,3970.0,65.84220420744295,527.5268754672303,271.93909184211674,1320.0,2232.2246659304747,266.83291666666673,2510.0,6877.590408727516,24380.0,22730.0,572.0,1060.8405861830379,15025.0,4570.469149414622,1136.8884970272873,10240.0,62.482352092352095,19922.5,19040.0,2047.0947001657873,5330.0,665.6753863320977,411.66740805635965,4759.840354350456,464.3700268234714,50.41813492063491,1211.069528922443,24765.0,1387.5,7360.0,394.3934534191444,470.0,189.88991343260898,1775.903906593682,617.031635794662,212.14657259407264,2616.6806455815076,8105.0,22410.0,19460.0,530.0,1170.0,13071.818181818182,5502.775222775555,1005.7754959695881,17125.775686542067,68.6777642719787,17170.0,28243.333333333332,2470.0,2445.0,473.62539188276173,376.6666666666667,5943.074004584292,578.3565072820679,147.7482559523809,1435.0439842936944,15627.180152932116,2690.0,8938.993832731598,115.25565210975812,678.4781432632947,720.0,2130.0,1266.1540111478064,153.6189448051948,7530.0,10490.0,43720.0,42000.0,997.3451806811659,1500.0,36686.666666666664,10650.0,1476.6666666666667,28240.0,71.62943628573547,23650.052874760117,32120.24130952381,4114.344443171134,17039.42665968988,566.638315654112,700.0,8819.35049396298,802.0601388888888,60.12222222222223,1928.658372974719,57300.0,1944.9162876762143,9080.0,507.43030142816133,740.5936118198379,280.74547562782124,4085.0,1492.3227570519862,409.2847527472528,5130.0,11995.049339176163,41080.0,51630.0772270331,1230.0,1940.0,32540.0,10231.190202498952,2560.0,32714.22869393129,399.2915859937563,27950.0,55600.0,5590.0,9145.80337884563,836.7183365193334,970.0,10393.33658093705,1090.0,220.0,3150.0,22710.0,4042.5
9,25.0,81.7,46.25,48.5,28.9,79.2,102.5,14.9,19.0,20.75,18.25,78.6,38.65,12.75,12.4,37.5,13.15,184.9,21.150000000000002,26.0,28.25,22.15,92.1,50.9,21.35,54.8,105.4,74.9,21.05,30.2,25.05,81.9,46.4,48.55,28.95,79.3,102.6,14.95,19.0,20.8,18.3,78.8,38.7,12.8,12.45,37.6,13.2,185.0,21.2,26.05,28.3,22.2,92.4,51.0,21.4,54.9,106.3,75.0,21.1,30.25,1070.1666666666667,2935.0,284.4629866294424,680.9155167817319,638.0537237762237,1790.0,845.0,268.1382413635327,4393.333333333333,4870.986327823676,20606.0,17960.0,680.0,1175.5565580415384,13965.0,8190.392938736327,923.1101190476187,4943.934794949902,35.57627111647633,13496.666666666666,13962.70324607325,5740.0,4081.295957074295,360.0,930.0,5470.0,958.6205403821721,73.65860483602304,1310.0,25996.0,1345.3104786906686,6903.995238491591,98.95685064935066,247.24831272483007,530.3794919554867,2045.0,910.8207130924826,417.1577595303124,3490.0,8090.0,19518.571428571428,14670.0,413.16079149460114,2402.448921419048,8895.0,7515.0,930.0,8316.666666666666,678.0680728674178,12163.333333333334,10713.333333333334,7982.5,4102.598935073762,195.31893790849674,1243.933852961017,6825.283386495143,3344.5829872891136,126.82673724538276,686.5288969748611,23133.333333333332,2040.0,6500.0,485.76529151618945,776.6967615256955,1050.0,2676.6666666666665,1260.0,464.8884561602268,6438.571428571428,8050.0,27368.75,27736.666666666668,1140.0,1977.8088510256798,23737.478705366644,16756.666666666668,1320.925443553485,16972.684231714797,44.0830142642606,17687.85714285714,23227.937940222062,9719.458909512865,4070.6238312053424,480.0,1333.1201785124065,13571.362928207522,1278.6985917910392,58.2770863276671,1550.0,28560.0,2280.0,11790.0,233.01948451534696,249.28544679455254,1135.8792326765079,3680.0,2230.0,605.3084907429828,10876.282828268555,12650.0,26840.0,29720.0,724.1580667060774,4735.353777996384,21030.0,17370.0,1344.0877316182234,15040.140191688371,51.01693945674207,27620.126153846155,15880.0,12223.333333333334,6736.243991085844,415.243689015233,2090.0,13779.054965852227,5316.205471197829,158.96666666666664,1196.460183653012,46690.0,3300.0
10,25.2,81.9,46.15,48.7,29.55,79.5,102.7,15.75,19.3,20.949999999999996,18.55,77.3,38.85,12.949999999999998,12.75,37.4,13.150000000000002,183.125,22.0,26.75,29.149999999999995,22.424999999999997,91.5,53.1,21.65,57.6,104.0,74.5,21.0,29.9,25.25,82.0,46.2,48.75,29.6,79.625,102.8,15.8,19.35,21.0,18.6,77.4,38.9,13.0,12.8,37.45,13.200000000000001,183.5,22.05,26.8,29.194999999999993,22.475,91.61666666666666,53.2,21.7,57.6,104.5,74.6,21.05,29.95,1079.6,3519.865093209117,125.27862379090135,1175.0,367.35796496919136,4493.072589672986,700.0,280.0,4640.719611211231,3713.1814763126704,27750.0,21826.245834221663,960.0,1472.5629104354045,20713.0,10737.476030722333,860.0,16948.75,40.0,36026.0,12303.75,7563.333333333333,10671.666666666668,531.3995464256224,1680.0,6643.498146899636,2170.0,71.87135127586977,1022.5,12552.5,798.3333333333333,5204.296783563657,92.14698412698414,661.5780319728874,216.48460154203792,3557.5,860.3914682539684,284.5357614056235,6470.0,2992.9461249700694,62481.66666666667,37282.142857142855,973.2078794937719,1860.0,31918.541666666664,7433.67790151244,810.670191018419,16943.343423563623,122.38236047225162,26759.772727272728,12283.333333333332,13047.5,2550.833333333333,262.315853938647,1060.0,5941.559418149907,1362.5,103.02858632788784,1005.0,17728.396773973767,2152.5,8515.0,297.39780687117997,2022.4045463353436,285.98824175824166,5725.0,1088.4938294342655,442.99092091412416,14808.333333333332,6145.0,60887.5,47854.48886962464,1560.0,2825.274976558459,41101.66666666667,17228.2205389808,1735.928953099832,41360.0,38.50987367207954,49750.0,33788.23630880172,13272.090207201793,15880.0,400.0,4100.0,12689.989382203092,2376.5081557977105,192.7004178973761,4010.435473451946,30070.0,1618.1016873457054,9142.35804748206,170.0,914.5678525620231,362.9166967417157,5814.682903348998,887.2904497257131,506.6594235337663,10578.691418995426,5188.124251304899,117720.0,60868.57142857143,1385.868051883851,3205.226832776555,47620.0,13490.0,1135.31469656052,32399.72061115741,180.0,42268.92857142857,25620.0,25937.312706067463,6781.3773848277715,432.474715861698,2960.0,12250.895251528063,2157.594709567572,135.6,1261.0747969981085,27086.666666666664,2266.097319722732
11,25.15,81.9,45.8,48.9,29.65,80.6,101.9,15.8,19.1,21.05,18.65,77.2,39.6,12.75,12.95,37.75,13.4,179.0,22.0,26.6,29.35,22.65,91.9,51.833333333333336,21.8,57.4,102.6,74.3,21.1,29.183333333333334,25.2,82.0,45.85,48.95,29.7,80.7,102.0,15.85,19.15,21.099999999999998,18.7,77.38,39.65,12.8,13.0,37.8,13.45,179.6,22.05,26.65,29.4,22.7,92.1,52.0,21.85,57.6,103.0,74.4,21.15,29.25,1080.34,15170.0,140.0,1210.0,186.73931528128537,3397.871242951041,621.3782232899553,711.3311148691859,5752.781064622238,2820.0,22395.0,25883.333333333332,679.0703428040651,2460.0,24281.11111111111,10957.144234174253,1200.0,11810.383862306779,54.19046897546897,19191.25,21658.0,8996.666666666666,5390.071215430774,215.27833637526857,798.2130134069682,7713.486975733248,492.23034733252643,95.50392857142859,5860.0,18530.0,1220.0,6210.0,118.94159745878666,1192.8027778504356,395.2204598506069,2744.045569839525,495.399708399462,530.0,3666.7125922746823,1980.7493892157065,29131.428571428572,41090.78999459583,940.0,3827.1396224636464,20080.0,8268.107542791291,1702.4942812154536,22830.0,130.5050164745385,15577.5,13040.538639028924,10930.0,2024.752122542954,418.250434981685,403.6769267373775,6657.841343999009,690.0,148.7844004241373,3607.4169562495026,13660.0,987.0947319199761,30850.0,493.07938450438456,3104.6880063859967,437.02368089169215,4900.0,987.2415215241515,1122.8648725394453,9937.28658470712,7924.174022884421,57550.0,48510.0,1870.0,4570.0,62766.0,31070.0,1360.0,25910.0,55.635,21920.0,45595.0,22070.0,8355.6878133467,454.2269689028875,1859.5834404642537,12485.0,730.0,140.0,6160.0,36966.484162255634,2760.0,10149.104989270196,67.34095238095237,1990.0,386.3225108225108,2770.0,620.0,499.0441967632752,6790.0,2505.2019965764366,85733.33333333333,35420.0,1194.0,9430.0,38617.77777777778,11142.096592936026,1938.625707764059,29053.333333333332,200.9,26240.0,22860.0,14050.0,4584.958021082721,606.6215706292331,559.0399464831804,15400.0,1402.0649451258205,122.70788764233401,4290.0,22615.06614506977,1440.0
12,25.149999999999995,81.6,45.85,49.1,29.5,80.0,102.1,16.1,19.5,21.066666666666666,18.75,78.0,39.6,13.0,13.3,37.9,13.4,177.6,22.35,26.365,29.35,22.5,91.3,51.7,22.0,55.7,101.9,74.3,21.25,29.35,25.2,81.8,45.9,49.2,29.55,80.1,102.3,16.15,19.55,21.1,18.8,78.1,39.65,13.05,13.35,37.95,13.45,177.9,22.400000000000002,26.40555555555556,29.4,22.55,91.4,51.8,22.05,55.8,102.3,74.4,21.3,29.4,1079.3,8830.0,426.7083702640109,475.0,193.5013060812596,2670.0,563.1006856388417,255.9230456522807,5722.644065999974,3667.5902380952375,21935.0,33430.0,785.9601299572438,2300.0,27429.789755927253,8320.0,869.9120057861765,17638.14710075451,108.87857142857145,16760.0,15418.75,5755.0,8515.0,351.7403058266812,693.3857235613532,6629.332697292162,490.0,64.37546534842008,1698.603460943511,18812.22785241603,1017.7231105193018,5802.996772096356,110.76226463045329,550.0,280.0,1581.984855088559,405.11314004452555,246.32449465612498,2300.0,6754.100036495314,38530.0,30100.0,384.20621778304087,1668.0480016648112,20200.0,7070.0,1464.9590451208373,16271.666666666666,321.11254901960785,12165.0,8618.333333333334,5180.0,2410.595580522931,297.63177052264905,653.098894409682,4261.021079986781,680.0,140.0,2656.495771050773,14103.199701125111,1239.3032780337337,28950.29657670473,799.4321701433274,1380.0,264.2573539440745,7655.001248914718,1152.7704212623487,370.0,7401.29810375018,6718.873146577055,39496.0,58150.0,1160.0,5522.943140403372,39940.0,15239.743452584038,1467.8323156764582,28330.0,74.85893554602501,22950.0,35403.333333333336,13360.072936507931,11490.0,966.5932779834807,1025.5913427416813,10352.5,1396.1982864785061,58.1,6360.142562439313,43960.62482773783,2350.0,11590.0,111.27794587807763,802.4951587301586,289.63896873293555,1778.9734940737808,1094.4145899124685,453.77697719619215,4630.0,13550.0,80940.0,38685.0,560.0,3091.5084353480884,41820.0,14010.0,1791.1261359839916,21980.0,383.0235748103907,15068.0,11400.0,7410.0,8435.0,436.05086433947895,1054.280206616656,10700.0,1040.0,200.0,2240.0,12410.0,1819.9306651056024
13,25.25,81.1,45.55,49.05,29.7,80.8,101.7,16.1,19.95,21.55,18.7,77.8,39.7,13.150000000000004,13.4,37.875,13.35,176.9,22.55,26.100000000000005,29.45,23.03333333333333,91.3,51.7,21.35,55.6,102.6,74.4,21.15,29.4,25.3,81.4,45.6,49.1,29.75,80.9,101.8,16.15,20.0,21.6,18.75,77.9,39.75,13.200000000000001,13.45,37.95,13.4,177.0,22.6,26.15,29.5,23.075000000000003,91.4,51.8,21.4,55.7,102.8,74.5,21.2,29.45,1084.0666666666666,7730.0,115.45880638995784,870.0,529.7546117265555,1735.0,1227.3582873079963,575.0,3460.0,5120.0,18755.714285714286,20270.0,907.0004694842994,2199.7393551567957,21220.0,9650.0,790.0,26360.0,132.40062843434703,9216.666666666666,11256.666666666666,4486.214878360565,10235.287072035782,467.657936663937,610.0,8750.0,669.1822975403135,89.19078689497488,3480.0,9173.333333333334,2744.1489977129995,5325.670248533565,129.19666666666663,927.5,1106.7341031190654,1675.0,1062.1510315714086,820.4240388825815,3414.8058305189043,3910.0,19630.0,21120.0,610.0,1231.5717942663382,29635.0,11020.0,845.0406237754792,24245.41362311896,298.87194330179614,7162.0,10452.0,5870.0,2880.0,380.63414333730475,687.0727857137844,8782.204395110219,875.6263660322064,158.25482645953457,2070.0,12380.0,2773.60239687555,18650.660489732876,428.91600178330424,1056.765182192497,1097.7448430911527,4045.317103106086,2049.04489421242,966.6782621177075,8940.0,7226.666666666667,27166.666666666668,39140.0,1920.0,3208.498250636559,35431.55284979309,15420.889840103331,1516.8632049039543,34590.0,115.50993613817928,18830.0,19375.0,13040.699440329834,14911.45705048497,649.3730307490391,908.4752050159908,15620.0,1505.0,123.90803955117802,6360.0,18840.0,3010.5058950195294,5650.0,108.48220029970027,800.0,831.275153929813,4590.0,2745.0101148558188,768.485911454862,3810.0,9070.0,42648.333333333336,29908.537523908137,870.0,2740.0,32590.0,20497.5,2146.4508626929846,38699.332933087084,447.630383242999,12150.0,16160.0,7230.0,10031.79024281615,540.0,1417.0079008049547,11196.716312569064,1161.3462823390055,199.1855907504574,2350.0,28125.0,5321.5521266411515
14,24.95,80.3,45.75,48.45,29.35,80.1,101.4,15.625,19.4,21.4,18.4,77.3,38.775,13.300000000000002,13.3,37.7,13.15,177.0,22.05,25.65,29.55,23.05,89.8,50.9,20.9,53.8,101.8,74.4,20.8,29.2,25.0,80.5,45.8,48.55,29.4,80.25,101.5,15.699999999999998,19.45,21.45,18.45,77.4,38.85,13.35,13.35,37.75,13.2,177.1,22.1,25.7,29.6,23.100000000000005,89.9,51.0,20.95,53.9,102.3,74.5,20.85,29.25,1072.3500000000001,9153.930724357218,179.05348408221528,608.8288776501277,140.0,3954.084796115509,290.0,276.68164034037864,2928.0,2352.6390745170092,18882.5,12735.0,360.0,1706.2574999999997,13160.0,6795.0,636.190554514285,14496.613668743548,73.26625354399913,12105.714285714286,12242.0,5053.333333333333,17307.5,770.0,431.4917801395467,5031.765902009573,1180.0,81.08309523809525,4519.0333041473295,9043.954893930715,673.5725000000001,3480.581632368972,90.0,605.0695296184027,352.7972867617369,1593.4091125541124,263.78041666666667,180.37475520747495,2334.0,2571.896574821854,16376.666666666666,14803.1028825226,300.0,1200.0,16843.333333333332,3950.0,668.0880377263867,6830.0,159.42855490310114,13854.0,10870.0,9320.0,2670.0,371.8721511500916,485.0,6273.851244863655,740.0,122.34908615761623,840.9004482481708,5760.3138775405405,810.0,16520.0,229.88391414141424,835.673872384819,457.95129020222396,7280.0,1010.0,417.83435591538444,5387.230680619908,6054.256748309549,32270.0,26303.333333333332,805.9760648705638,1990.0,22390.0,11950.0,925.5474341898666,26842.308053394736,93.66256164256006,19380.0,17850.0,8110.0,11637.177926714718,937.5000600097827,810.0,16689.17344873481,2263.736109379886,96.28092343114403,6240.0,15925.0,1176.0,5005.091752407006,95.54460450905307,974.7442383525848,626.6914470963767,1982.4674924744875,612.9942814756082,301.9150042375847,3807.830093457124,3625.673387493026,25110.0,21590.0,667.6686846621792,2140.0,28630.0,7172.442544406646,1191.0875126161343,18070.0,195.60717809516456,20833.569278405408,15710.0,12361.231103650869,7360.0,558.0976190476191,640.0,8935.699123138285,1020.2289794862301,117.041576665761,1440.0,9780.0,1696.6317709133402
15,25.0,79.5,45.25,48.55,29.5,80.5,100.7,16.15,19.55,21.05,18.75,77.5,40.75,13.550000000000002,13.5,37.45,13.1,177.0,22.8,26.2,30.3,23.2,89.1,50.8,21.05,53.5,101.7,74.5,20.95,29.075000000000003,25.05,79.8,45.3,48.6,29.55,80.6,100.9,16.2,19.6,21.099999999999998,18.8,77.6,40.8,13.6,13.55,37.5,13.15,177.03333333333333,22.849999999999998,26.25,30.35,23.28333333333333,89.2,51.0,21.1,53.6,101.9,74.6,21.0,29.1,1077.2,5320.0,78.90595959595959,985.0,463.7499177211677,3201.2041860465633,1702.7200258318649,250.0,2814.347079342044,1790.0,37274.28571428572,18330.0,480.93957738833336,2090.0,15100.0,8510.624991424176,841.2124067104024,17620.0,249.07908450403593,12080.0,8266.492645011569,3610.0,6990.0,477.8916687589106,1283.63716060691,5520.0,1630.0,111.02349206349204,7182.425233822298,17110.0,1380.0,3608.6298808651018,64.74450513841562,673.399388106095,419.0864801682032,2477.282230459219,535.3129629294168,244.9167868144069,3090.0,5978.020098967017,23410.0,13336.25,525.1429393131048,1586.6666666666667,16150.0,4093.3333333333335,673.5328741757675,23180.0,278.71038550909884,12245.0,8943.333333333334,3467.53645193517,1352.7329048483914,496.97908467317654,2700.0,5103.247722166109,942.1265183944224,122.821378801003,2112.850567446597,9480.0,1599.4978837927067,12650.0,179.61919663669664,1645.0,669.651000078163,4991.949749448656,3389.30464681786,480.7868282614974,5623.7913266267515,3790.0,49922.307692307695,31050.0,1371.620573010602,2930.0,36875.0,14158.0,1375.8811631755923,50140.0,220.0,20600.0,14860.0,6750.257696331187,19005.891464038596,1376.5038956017722,1488.8721505956396,9962.540384956632,5100.0,120.0,5530.851886846731,25550.0,2630.0,12550.0,80.0,762.1512219201563,650.1706825396827,2453.399844917238,739.6484132849874,332.1095676566623,7665.045830547843,10887.633941294109,37065.0,24840.0,739.705069979199,2760.0,20882.5,6990.0,1100.0,37923.333333333336,322.0713557785534,19740.0,15720.0,5265.0,4831.169574742417,850.0,2591.3690476190473,7637.897972236247,1632.8613989680778,99.61414381914385,4455.415397503667,13069.587225335054,1351.2346939822862
16,24.8,79.6,44.3,48.7,29.3,80.2,99.7,15.8,19.5,20.7,18.564285714285713,77.5,40.5,12.95,12.900000000000004,37.25,13.25,175.3,22.2,25.8,29.95,22.8,88.5,49.5,20.95,53.0,101.3,74.3,20.8,28.95,24.850000000000005,79.8,44.35,48.8,29.35,80.3,99.9,15.85,19.6,20.75,18.6,77.6,40.55,13.0,12.950000000000001,37.3,13.300000000000002,175.4,22.25,25.849999999999998,30.0,22.85,88.6,49.55,21.0,53.1,101.5,74.4,20.85,29.0,1069.7,3395.16833356996,74.17148792460597,786.6666666666666,185.2287664872107,1805.3899773777646,776.191843119896,210.0,3150.0,1326.7033274174264,29425.0,16226.0,659.1221755525446,1272.3380674156058,20353.75,7045.0,504.0358291405305,28310.795652702767,157.8095091589591,9520.0,12912.5,3526.6666666666665,3224.1015055038915,403.0511629689161,716.9815874314672,4860.0,1455.0,64.64195374478463,5768.348556169626,10160.0,917.4846798348744,1170.112337026947,50.0,1020.0,168.7967701859873,1420.0,1008.2559562449449,193.3755940898627,1980.0,960.915889988286,20746.666666666668,14100.0,470.0,1416.6666666666667,13940.0,5330.06397318361,849.3403920902459,13035.674997319944,273.8036606152933,9839.496948244941,8819.758258931295,3172.695958233756,1422.3789451481093,440.0,700.0,5792.69263531439,692.3322129620601,156.43645600452507,3066.057579035856,5060.0,1352.8548847741158,4465.8494058092465,112.2903205035136,1600.0,296.05553074691943,4194.368940797187,1509.1566046752516,410.0,4446.43246868905,2570.0,49843.333333333336,15834.34477416361,920.0,3120.0,47229.47368421053,13230.0,950.0,83647.46132094634,189.20519166878265,14830.0,20380.0,6230.0,3761.9941095766094,660.0,1401.96953684269,17965.0,6382.345831238072,111.1645573870574,9075.909813055518,16970.0,2083.5284232748236,4280.0,166.33976271309453,1255.9714430490606,284.9034110306468,2676.322406867486,2674.4948323476365,335.2216897931599,1928.7474645592158,1840.0,43380.0,20230.0,894.1896276336721,2543.3333333333335,26730.0,7840.0,1258.0407374381168,33640.57435759036,480.0,15241.319332386049,19720.940641763267,6115.8565358097,1881.1821553343457,752.2487129699125,926.8077999248994,10630.0,1128.4217843177255,222.10714285714295,2672.808334447548,6620.0,2130.0
17,24.9,79.4,44.3,49.05,29.45,80.2,99.9,16.5,19.6,20.75,18.65,79.2,41.05,14.9,13.8,37.0,13.7,171.3,22.350000000000005,26.072499999999998,30.3,23.05,88.1,51.7,21.3,52.8,100.05,74.1,20.85,28.75,24.95,79.9,44.35,49.1,29.5,80.3,100.0,16.55,19.65,20.8,18.7,79.3,41.15,14.95,13.85,37.05,13.75,171.4,22.400000000000002,26.100000000000005,30.35,23.100000000000005,88.2,51.8,21.350000000000005,52.9,100.3,74.2,20.9,28.8,1075.4,6345.001706349207,131.9749120248306,1430.0,443.5789957414353,3577.5,592.5,357.06284438401667,4086.215060040539,4746.935688038969,17526.25,13063.333333333332,666.9519214878758,1080.0,33882.5,7003.75,590.0,41995.0,135.0,9094.166666666668,9841.666666666668,3491.974189934322,7604.322546026057,1017.122064629013,1012.5760887572015,7949.746568315555,3210.0,88.85806544554843,2998.75,11049.314288714944,1118.9390094133707,4097.37721711389,110.96871878121878,478.62208298587933,740.0,1357.4587718812493,768.1049607512591,342.16695650135415,3360.0,2897.065257934228,15278.333333333332,14125.638900318781,916.1999203521414,873.3333333333334,29394.23076923077,7714.3282287204065,813.925872394946,16006.745410940754,193.73539483395663,7452.857142857143,12767.0,2852.046410461476,1995.0,560.7269415924856,1017.5,5395.0,1565.520775006721,154.50186929435114,2228.091874420152,4261.8629412367,1250.5360767912475,9490.0,210.35537321975357,1918.0,886.1719308971553,4880.0,1090.0,431.9867459000725,8711.445145727746,11927.779461722264,47917.5,27848.809523809523,1364.3509920634922,2030.0,65011.5,14267.380952380952,1215.8333333333335,76610.0,180.21850087388538,16533.333333333336,24702.262380952383,8340.0,17677.942533613477,2310.0,2573.575983772295,21558.253340235147,8659.989665425343,170.0,4845.0,28730.0,2900.0,11260.0,67.99970029949485,887.311235739076,901.4909014750957,2610.0,1339.9159394279077,178.01464931314547,11433.062499028048,9895.414234265412,30348.571428571428,37555.0,1733.3008309515242,1110.0,58420.0,14620.0,1313.0747572382504,48344.67532467532,269.52285714285716,12962.5,24852.5,5875.409234835287,4780.0,1840.0,3115.4519679367527,15018.059545262135,2719.218847936934,150.82695665445664,2675.0854047653715,8300.0,2237.9213212641007
18,24.9,79.5,44.75,48.5,29.35,79.9,99.9,16.2,19.45,20.65,18.55,79.8,40.8,14.66818181818182,13.85,37.2,13.8,171.3,21.95,26.183333333333334,30.55,23.15,88.2,51.3,21.25,52.9,99.6,74.0,20.4,28.7,24.95,79.8,44.8,48.55,29.4,80.0,100.0,16.25,19.5,20.7,18.6,79.95,40.85,14.704999999999998,13.9,37.3,13.849999999999998,171.4,22.0,26.2125,30.6,23.2,88.3,51.4,21.3,53.0,99.8,74.1,20.45,28.75,1073.2333333333333,4662.688583766386,117.56837789661313,750.0,290.0,1805.9585473355871,596.6251359619549,206.39400861778427,3056.6666666666665,4130.0,22083.333333333332,12710.0,792.310115709034,2043.3333333333333,24417.777777777777,4913.333333333333,426.6666666666667,23655.0,95.63545995028288,10465.0,11320.0,3610.0,13520.0,1630.0,1318.854330022591,3000.1899721112554,2164.7654176048272,49.58911452926157,4650.0,14650.0,540.1862278569099,9777.465379497564,47.553585441762294,710.0,528.0460423031418,1907.3359212354935,998.4545174225852,507.48024186443524,2754.4802303657443,3811.2985169609497,19508.571428571428,10620.0,765.0,1250.0593343979415,13613.333333333334,5722.5,567.1270059275924,13185.0,233.51856060606065,7853.333333333333,8811.943428929464,2226.6666666666665,1945.7442846406996,674.1705237260286,2689.2126202317986,4330.0,1053.7762003910025,137.6997619047619,1435.0,6721.446440979444,810.3216022300448,11112.099598411804,234.7532191664545,900.0,678.0721483826608,7940.5286276387305,1265.691328818824,393.32808236630865,8370.864559567799,5747.323666062092,29336.666666666668,21207.5,1460.0,2450.0,38890.0,13770.0,911.2300531711247,210596.66666666666,110.41013611713673,21295.0,18780.0,5804.59027924532,11400.0,1230.0,1676.6175437816344,7488.137145091841,4332.1496015629655,50.51937330316741,2750.0369236132437,20550.0,1302.636170307318,22510.0,94.02386415931849,980.0,678.9065795697206,2623.364290979785,790.0,370.3047505493553,4396.801948907119,4942.030470840396,22800.0,23068.350524034537,1804.0252458465734,1972.8705036316733,22240.0,9970.0,1025.7414005413232,36370.0,270.0,11950.0,16737.14285714286,3720.0,4820.0,1141.55471819046,2060.0,9681.783466598841,1290.1724284495688,185.88786435786432,2076.0726099293984,16337.897777777778,1440.0
19,24.95,79.4,44.6,48.35,29.25,79.5,99.7,15.7,19.55,20.599999999999998,18.55,79.4,40.825,14.5,13.7,36.95,13.4,169.2,21.725,26.399999999999995,29.45,23.3,88.5,50.8,21.15,53.1,98.9,73.1,20.5,28.55,25.0,79.9,44.7,48.4,29.35,79.6,99.8,15.75,19.6,20.65,18.6,79.5,40.9,14.55,13.75,37.0,13.45,169.4,21.766666666666666,26.4375,29.5,23.35,88.6,50.9,21.2,53.2,99.3,73.2,20.55,28.6,1071.35,4370.0,41.6099494949495,519.4756774754321,360.0,1300.0,1120.6709679038117,260.0,3153.3333333333335,2605.9591416661406,14723.321034353383,11323.980829494772,750.0,1167.6242420611538,15556.0,5900.0,440.0,10500.0,150.0,8033.333333333333,9286.15120978553,2033.3333333333333,3922.600179267515,409.696677487469,683.2368295593295,3830.0,1393.7564745758116,53.93928399955702,2336.2266334816904,5156.218918241511,1509.1109243507003,10462.690745824028,77.73281746031745,400.3582835013232,458.8244314531065,1066.833505904493,333.4988488348559,271.91421744371155,2550.0,2273.1081235231413,15335.0,12290.0,1020.0,1187.7567053172124,13980.0,3476.6666666666665,539.5653255485248,9390.0,225.0,9205.0,11135.0,2033.3333333333333,1515.8226145549543,391.22821274459244,1001.9767467209085,3641.1592368581873,1182.4895746045427,78.53148931181207,1812.9778467110184,6256.285766363411,1535.0,20280.0,155.6693822843823,772.3080242643548,609.2375041807143,1890.0,816.1247496560021,546.7449922950743,7930.0,9030.0,36540.0,16495.266498574492,1718.8137213052573,2020.0,35641.0,16480.0,636.0924395339197,18740.0,271.585702487653,22080.0,17270.0,4090.0,11370.0,725.0,1044.2346224430485,9400.0,2108.094748461871,60.0,4500.0,15320.0,2620.546263327527,17350.0,97.41923053469314,650.0,715.755303030303,1876.6666666666667,543.7131333835426,876.1647987513298,3445.0,5500.0,21220.0,25390.0,1805.9701790513316,1230.0,19902.85714285714,4570.127901273271,727.5799936174939,16520.0,320.0,18064.285714285714,17110.0,3500.0,3050.0,450.37028110176,1906.3049296703784,6360.0,1810.0,100.0,2490.0,10400.0,2050.0
20,24.85,78.9,44.6,47.95,28.9,79.4,97.7,15.35,19.4,20.7,18.2,77.5,39.75,14.55,13.35,36.25,13.2,166.4,21.3,25.8,29.05,22.9,88.2,50.36666666666667,20.75,52.5,98.5,72.0,20.45,28.5,24.9,79.3,44.65,48.0,29.0,79.6,97.8,15.4,19.45,20.75,18.25,77.6,39.8,14.6,13.4,36.35,13.25,166.5,21.35,25.85,29.149999999999995,22.95,88.3,50.5,20.8,52.6,98.7,72.1,20.5,28.55,1061.75,4920.0,131.96455102067844,921.5759753436241,280.0,2124.4441464253246,188.34984288160146,290.84146645449493,1974.0,2380.0,17900.0,11180.0,580.7009477878337,472.2456524422083,11310.0,4141.615433134116,635.5126151307664,15450.0,89.1025974025974,12770.0,10290.037677633656,995.8364250029912,2481.5615564779205,560.0,842.6306183367716,3512.832583254675,2020.0,93.70892345021308,1759.4617270440463,14140.0,740.0,1914.025413437419,86.02482742768895,531.214212739429,240.0,1529.8659839759175,600.0,351.10434608149956,1700.0,1790.17608403048,25814.233326075286,19413.333333333332,855.6469546844367,673.6405400397639,10972.857142857143,2976.6166807644577,359.9372529502189,19150.0,282.1379679368357,13674.0,7505.952584280534,1046.6666666666667,1870.488755252945,470.0,550.0,4241.110581264563,895.1103213828349,105.8603348198356,1645.0,7010.0,1226.8644529154951,8048.011783826626,121.19827308155098,1423.8858090416409,384.4371861446935,1680.0,439.4616183795167,322.7674808524809,5534.232891070415,2393.991825315831,30190.0,19100.0,1176.0,1109.5484105382295,25510.0,8033.461236897822,660.0,21690.0,110.33009292777831,20688.781873139455,15970.0,2060.0,5875.96738367168,890.651021893502,1041.671042662114,8361.77586082234,4160.0,84.06127997882945,2580.0,16363.157878933784,868.872025174545,19491.794263388623,155.57955050893526,671.87035358706,340.0,2470.0,862.0809164721031,418.19989022190174,2581.408850920538,4630.795661035816,33156.95901986198,23453.068290274125,1227.5474647234942,1010.0,19010.0,5220.0,544.5177004434522,28891.5336987318,490.35911233681566,22690.0,11330.0,1693.3333333333333,2960.0,888.3695202231517,1450.0,8110.0,1330.0,114.12007138671392,2266.5385403284536,12253.033057186454,1370.0
21,24.85,78.6,44.45,47.3,29.1,79.5,97.0,15.4,19.15,20.85,18.15,78.1,40.25,14.55,13.65,36.7,13.35,165.5,21.3,25.85,29.1,22.85,87.8,50.7,20.7,52.5,99.2,72.05,20.3,28.3,24.9,79.1,44.5,47.4,29.15,79.6,97.1,15.45,19.2,20.9,18.2,78.2,40.3125,14.6,13.7,36.8,13.4,165.75,21.35,25.9,29.15,22.9,87.9,50.8,20.75,52.6,99.6,72.15,20.35,28.35,1062.55,3668.373498855207,168.14357692015585,841.3042271094353,138.32188024995304,1498.2114643272057,208.86456383781723,171.8379266505577,2940.0,2785.0,21374.166666666664,12998.71627921691,479.15347119149357,1257.7941769039371,11180.0,5120.0,188.29569859618744,45932.3407825951,76.47115995842776,10493.75,13032.5,1797.5,2960.0,600.0,752.4720462109576,2645.7916582107828,1983.2791924652931,96.93547619047621,1596.6666666666667,10348.198685857085,2180.060483509793,6678.30289404591,48.2405303030303,835.3189873182787,237.5,2416.1906527874216,674.9871593526747,328.1251455059687,2096.756761401397,2120.0,42221.66666666667,19667.349225469286,913.979615325345,1470.0,8598.0,4977.0908881677315,540.0,7707.039435021626,130.0,15831.94406736229,8673.75,2553.957093820282,1035.0,917.5,1278.364723772014,3517.334488615957,851.34535071175,186.46200794733303,1974.9865469335368,8023.437334379131,2018.767584533215,11679.785727086075,428.81617698821645,1403.7492882790964,142.87886448518802,1555.5568581847954,400.8574611886061,190.0,2948.3230622171013,4403.277692761255,35270.0,28960.0,910.0,2350.0,21527.5,11473.838206724358,360.24176583729644,95569.5065331091,127.29899397579545,15748.75,25112.557284416398,4159.243187641903,4314.070951399103,1028.233699228602,1291.699596313432,8637.851667642453,8846.666666666668,70.67152488165193,1952.5,17282.5,3043.396632245204,14505.750098399129,88.79610109639479,579.8846232882524,272.5,3050.0,1025.0119369679016,441.23783237158796,17110.0,2801.1787558860583,48724.76900801702,23745.0,1458.3333333333335,2148.814806240035,13255.0,8700.0,1260.0,25832.497533624628,150.0,26478.570051257168,11287.5,2900.0,2950.0,1425.0016555194225,1396.5871174476001,5634.563272835933,1308.7282438303964,340.3482185715896,2330.0,17450.0,2320.0
22,24.55,78.7,44.4,46.8,28.95,79.4,96.8,15.5,19.15,20.9,18.15,78.6,40.6,15.0,13.85,36.6,13.35,169.9,21.7,25.8,29.15,22.75,88.3,50.6,20.65,52.5,99.3,72.3,20.1,28.45,24.6,79.3,44.45,46.85,29.0,79.5,96.9,15.55,19.2,20.95,18.2,78.75,40.65,15.049999999999999,13.9,36.65,13.4,170.2,21.75,25.85,29.2,22.8,88.4,50.7,20.7,52.6,99.6,72.4,20.15,28.5,1062.4,8771.25,112.16138056388056,750.2111039148504,245.8616434182291,2211.5711360619594,1327.5306223677458,280.0,4410.87062867436,10296.744006607829,23601.25,11411.0,565.4230313434181,774.0683109607896,27525.0,11122.388837809893,381.7337463830357,11343.75,129.22647209340138,11614.285714285714,15997.5,4774.016281855227,4425.429342373349,633.581761119597,600.0,8568.467875306897,1887.878221858321,114.95457170934436,1926.416328102766,13162.857142857143,1070.0,3903.9836286442455,82.04696005542705,300.0071598080193,300.6960259627621,2465.9069236268924,938.1544369399088,305.56535714285724,1207.413876567704,3424.541430596998,21830.0,16997.5,529.9978997705807,1172.3474998023194,14488.458333333332,5873.333333333334,264.9338376131364,10293.37965760326,173.23927313044743,11352.5,6237.84925279198,3948.6061625248194,3242.5782428795296,651.2018655236915,615.0781330727201,4548.955528116262,1711.7824720093072,148.6129365079365,1274.3311953023444,7075.0,1076.4615594214836,14046.660860836442,387.96408143870315,979.2218838653029,435.3105895922961,3879.149892734947,2052.8285407484664,326.95185846560844,7372.994253358567,14400.530287161584,29920.0,22413.333333333336,930.0,1190.0,34021.11111111111,15201.110417445425,907.3846230454689,67232.4406396707,234.19951177312814,14737.5,37307.311585067095,7010.0,5520.645101909774,1452.468030448447,980.0,11023.666998368128,7590.0,102.11675421878066,2267.417198533922,25370.0,1729.4157230950855,6810.0,100.0,474.97513116931873,431.359021811522,4910.0,1539.678326306219,360.0,3080.293807612735,4269.962196241891,77674.33333333334,27185.668302578735,970.0,1693.293427562494,28477.25,11500.0,447.41974118067685,13750.0,219.77034806682465,19235.0,12060.0,4194.721111274461,1568.3333333333335,915.0,772.5,8396.629269420322,2172.948846223269,247.95283990347656,619.8361889505909,8810.0,1336.6666666666665
